{
  "title": "Finite-count single-direction estimator (shot-noise floor)",
  "process_free_parameters": 4096,
  "scalars_measured": 1,
  "krel_cos_angle_to_raw": 0.19389983929171228,
  "one_over_N_scaling": {
    "N_grid": [
      100,
      300,
      1000,
      3000,
      10000
    ],
    "var_lambda_analytic": [
      0.004094524849528063,
      0.0013648416165093543,
      0.0004094524849528063,
      0.00013648416165093542,
      4.094524849528063e-05
    ],
    "var_lambda_empirical": [
      0.004068512626240955,
      0.001545679913904242,
      0.000401417469982481,
      0.00013795052336348273,
      3.9707599705252286e-05
    ],
    "empirical_over_analytic_ratio": [
      0.9936470715789877,
      1.132497643101908,
      0.9803761968345327,
      1.01074382327451,
      0.9697730790381943
    ],
    "scaling_confirmed": true,
    "slope_rho": -0.1929889906764093,
    "per_copy_variance_ref": 0.015249955652802735
  },
  "N_required_surface": {
    "lambda_targets": [
      0.0,
      0.05,
      0.1,
      0.15000000000000002,
      0.2,
      0.25,
      0.30000000000000004,
      0.35000000000000003,
      0.4,
      0.45,
      0.5,
      0.55,
      0.6000000000000001,
      0.65
    ],
    "visibilities": [
      1.0,
      0.9,
      0.8,
      0.7
    ],
    "N_required": {
      "v=1.0": [
        1.5980091040807842,
        3.527048645812211,
        6.023207079601486,
        9.312521954735525,
        13.742038213520685,
        19.865375048855856,
        28.60743903598921,
        41.60389979408694,
        61.963028510101886,
        96.17316315416238,
        159.63376610898013,
        296.4309894754562,
        677.773517864717,
        2534.838056018093
      ],
      "v=0.9": [
        5.929216030001127,
        9.169074885686918,
        13.494721850234903,
        19.41203661408045,
        27.750348724444986,
        39.94229591966625,
        58.63006254604114,
        89.11511593039113,
        143.30724742478077,
        252.61370659897693,
        523.1932861060428,
        1518.1915887650796,
        13704.020751479755,
        null
      ],
      "v=0.8": [
        15.543971992703455,
        22.145572281645794,
        31.45604299972848,
        45.08254668907362,
        65.99287274336328,
        100.15136910772455,
        160.98584683061262,
        284.0165244283897,
        589.9050404351971,
        1725.1774470379253,
        16202.603738512491,
        null,
        null,
        null
      ],
      "v=0.7": [
        44.126183532746644,
        63.7316611016447,
        94.89146141844131,
        148.282303692016,
        250.14838606737942,
        479.76819246250125,
        1175.8798266430124,
        5438.105811694559,
        null,
        null,
        null,
        null,
        null,
        null
      ]
    },
    "alpha": 0.01,
    "boundary": "witness value 0 (causally separable side)"
  },
  "false_positive_under_calibrated_drift": {
    "drift_grid": [
      0.0,
      0.2,
      0.4,
      0.6,
      0.8,
      1.0
    ],
    "fp_rate_krel": [
      0.0025,
      0.00625,
      0.00875,
      0.00625,
      0.00625,
      0.0125
    ],
    "fp_rate_raw_witness": [
      0.0,
      1.0,
      1.0,
      1.0,
      1.0,
      1.0
    ],
    "krel_signal_shift": [
      -5.849270720559296e-17,
      -7.784571598445922e-17,
      -9.627715291671279e-17,
      -1.1622647289044608e-16,
      -1.3530843112619095e-16,
      -1.5525775109992423e-16
    ],
    "raw_signal_shift": [
      -0.05665122608101551,
      0.057559532921127574,
      0.1717702919232707,
      0.28598105092541387,
      0.40019180992755704,
      0.5144025689297003
    ],
    "interpretation": "K_rel is orthogonal to the drift axis: its signal does not move and its FP rate stays near alpha; the raw witness drifts positive and inflates FP."
  },
  "idealisation_note": "Shot-noise floor of a direct witness measurement on the normalised process; a lower bound on achievable variance. Calibrated tomography (realistic_tomography_pipeline.py) can only increase N, never decrease it."
}