{
  "status": "full_tomography_simulation",
  "config": {
    "dim": 8,
    "n_settings": 24,
    "n_outcomes": 2,
    "ridge": 0.001,
    "alpha": 0.01,
    "n_sim": 30,
    "n_null": 80,
    "n_boot": 12,
    "seed": 321,
    "count_model": "multinomial",
    "reconstruction": "linear",
    "correction": "interleaved",
    "eps_direction": 1e-10,
    "max_miscalibrated_fpr": 0.05
  },
  "model_shape": [
    24,
    2,
    8
  ],
  "rows": [
    {
      "lambda_true": 0.0,
      "n_total": 800,
      "mean_shots_per_setting": 32.708333333333336,
      "min_shots_per_setting": 32,
      "visibility": 0.9,
      "dephasing": 0.01,
      "control_crosstalk": 0.01,
      "operation_crosstalk": 0.01,
      "effective_visibility": 0.88209,
      "effective_crosstalk": 0.01990000000000003,
      "drift": 0.005,
      "path_loss": 0.02,
      "correction": "interleaved",
      "lr_crit": 4.355604159335922,
      "power": 0.0,
      "false_positive_miscalibrated": 0.0125,
      "lambda_hat_mean": -0.1282807452585058,
      "lambda_hat_sd": 0.4712214318680124,
      "bootstrap_lambda_sd": 0.33926292930505725,
      "sigma_lambda_fisher": 0.3121095793534822,
      "sigma_lambda_shrunk": 0.3814185801836141,
      "shrinkage_alpha": 0.9340043363050748,
      "projected_direction_norm": 1.0,
      "null_sd": 0.49831477822945713,
      "signal_to_noise_proxy": 0.0,
      "applicability_passed": true
    },
    {
      "lambda_true": 0.02,
      "n_total": 800,
      "mean_shots_per_setting": 32.708333333333336,
      "min_shots_per_setting": 32,
      "visibility": 0.9,
      "dephasing": 0.01,
      "control_crosstalk": 0.01,
      "operation_crosstalk": 0.01,
      "effective_visibility": 0.88209,
      "effective_crosstalk": 0.01990000000000003,
      "drift": 0.005,
      "path_loss": 0.02,
      "correction": "interleaved",
      "lr_crit": 4.355604159335922,
      "power": 0.0,
      "false_positive_miscalibrated": 0.0125,
      "lambda_hat_mean": 0.06017810964513392,
      "lambda_hat_sd": 0.43805842115658716,
      "bootstrap_lambda_sd": 0.26158862658352033,
      "sigma_lambda_fisher": 0.31210978847436366,
      "sigma_lambda_shrunk": 0.3207785668652294,
      "shrinkage_alpha": 0.5211064565092173,
      "projected_direction_norm": 1.0,
      "null_sd": 0.49831477822945713,
      "signal_to_noise_proxy": 0.035402923555031614,
      "applicability_passed": true
    },
    {
      "lambda_true": 0.05,
      "n_total": 800,
      "mean_shots_per_setting": 32.708333333333336,
      "min_shots_per_setting": 32,
      "visibility": 0.9,
      "dephasing": 0.01,
      "control_crosstalk": 0.01,
      "operation_crosstalk": 0.01,
      "effective_visibility": 0.88209,
      "effective_crosstalk": 0.01990000000000003,
      "drift": 0.005,
      "path_loss": 0.02,
      "correction": "interleaved",
      "lr_crit": 4.355604159335922,
      "power": 0.03333333333333333,
      "false_positive_miscalibrated": 0.0125,
      "lambda_hat_mean": 0.03335464683639132,
      "lambda_hat_sd": 0.4773801574542856,
      "bootstrap_lambda_sd": 0.5376950890815285,
      "sigma_lambda_fisher": 0.31209972433120303,
      "sigma_lambda_shrunk": 0.5085481766417719,
      "shrinkage_alpha": 0.5861079252193384,
      "projected_direction_norm": 1.0,
      "null_sd": 0.49831477822945713,
      "signal_to_noise_proxy": 0.08850730888757903,
      "applicability_passed": true
    },
    {
      "lambda_true": 0.0,
      "n_total": 800,
      "mean_shots_per_setting": 32.708333333333336,
      "min_shots_per_setting": 32,
      "visibility": 0.95,
      "dephasing": 0.01,
      "control_crosstalk": 0.01,
      "operation_crosstalk": 0.01,
      "effective_visibility": 0.931095,
      "effective_crosstalk": 0.01990000000000003,
      "drift": 0.005,
      "path_loss": 0.02,
      "correction": "interleaved",
      "lr_crit": 3.920230336210495,
      "power": 0.0,
      "false_positive_miscalibrated": 0.0125,
      "lambda_hat_mean": -0.10896844852407633,
      "lambda_hat_sd": 0.4019338039252056,
      "bootstrap_lambda_sd": 0.33504030949521413,
      "sigma_lambda_fisher": 0.3121095793534822,
      "sigma_lambda_shrunk": 0.39309281239421234,
      "shrinkage_alpha": 0.8976452196382477,
      "projected_direction_norm": 1.0,
      "null_sd": 0.4809071687424205,
      "signal_to_noise_proxy": 0.0,
      "applicability_passed": true
    },
    {
      "lambda_true": 0.02,
      "n_total": 800,
      "mean_shots_per_setting": 32.708333333333336,
      "min_shots_per_setting": 32,
      "visibility": 0.95,
      "dephasing": 0.01,
      "control_crosstalk": 0.01,
      "operation_crosstalk": 0.01,
      "effective_visibility": 0.931095,
      "effective_crosstalk": 0.01990000000000003,
      "drift": 0.005,
      "path_loss": 0.02,
      "correction": "interleaved",
      "lr_crit": 3.920230336210495,
      "power": 0.0,
      "false_positive_miscalibrated": 0.0125,
      "lambda_hat_mean": -0.01145467824483051,
      "lambda_hat_sd": 0.3545097529058356,
      "bootstrap_lambda_sd": 0.4135721398956091,
      "sigma_lambda_fisher": 0.31210963780935314,
      "sigma_lambda_shrunk": 0.414681278743063,
      "shrinkage_alpha": 0.32856162046869053,
      "projected_direction_norm": 1.0,
      "null_sd": 0.4809071687424205,
      "signal_to_noise_proxy": 0.038722442106023394,
      "applicability_passed": true
    },
    {
      "lambda_true": 0.05,
      "n_total": 800,
      "mean_shots_per_setting": 32.708333333333336,
      "min_shots_per_setting": 32,
      "visibility": 0.95,
      "dephasing": 0.01,
      "control_crosstalk": 0.01,
      "operation_crosstalk": 0.01,
      "effective_visibility": 0.931095,
      "effective_crosstalk": 0.01990000000000003,
      "drift": 0.005,
      "path_loss": 0.02,
      "correction": "interleaved",
      "lr_crit": 3.920230336210495,
      "power": 0.03333333333333333,
      "false_positive_miscalibrated": 0.0125,
      "lambda_hat_mean": -0.016825594453223618,
      "lambda_hat_sd": 0.6060694320718781,
      "bootstrap_lambda_sd": 0.4323349548584047,
      "sigma_lambda_fisher": 0.31209816246499084,
      "sigma_lambda_shrunk": 0.4021817165894581,
      "shrinkage_alpha": 0.4635157637114994,
      "projected_direction_norm": 1.0,
      "null_sd": 0.4809071687424205,
      "signal_to_noise_proxy": 0.09680610526505849,
      "applicability_passed": true
    },
    {
      "lambda_true": 0.0,
      "n_total": 800,
      "mean_shots_per_setting": 32.708333333333336,
      "min_shots_per_setting": 32,
      "visibility": 0.97,
      "dephasing": 0.01,
      "control_crosstalk": 0.01,
      "operation_crosstalk": 0.01,
      "effective_visibility": 0.9506969999999999,
      "effective_crosstalk": 0.01990000000000003,
      "drift": 0.005,
      "path_loss": 0.02,
      "correction": "interleaved",
      "lr_crit": 4.129098321048257,
      "power": 0.0,
      "false_positive_miscalibrated": 0.0125,
      "lambda_hat_mean": 0.0041019800058548165,
      "lambda_hat_sd": 0.4925656672841145,
      "bootstrap_lambda_sd": 0.23702220097943588,
      "sigma_lambda_fisher": 0.3121095793534822,
      "sigma_lambda_shrunk": 0.3204204078418698,
      "shrinkage_alpha": 0.507762154352367,
      "projected_direction_norm": 1.0,
      "null_sd": 0.4583540565706571,
      "signal_to_noise_proxy": 0.0,
      "applicability_passed": true
    },
    {
      "lambda_true": 0.02,
      "n_total": 800,
      "mean_shots_per_setting": 32.708333333333336,
      "min_shots_per_setting": 32,
      "visibility": 0.97,
      "dephasing": 0.01,
      "control_crosstalk": 0.01,
      "operation_crosstalk": 0.01,
      "effective_visibility": 0.9506969999999999,
      "effective_crosstalk": 0.01990000000000003,
      "drift": 0.005,
      "path_loss": 0.02,
      "correction": "interleaved",
      "lr_crit": 4.129098321048257,
      "power": 0.03333333333333333,
      "false_positive_miscalibrated": 0.0125,
      "lambda_hat_mean": 0.16036873284736483,